{
  "Navigation": {
    "home": "Home",
    "districts": "Our Districts",
    "panchayats": "Our Panchayats",
    "heritage": "State Heritage",
    "gallery": "Gallery",
    "news": "News & Announcements",
    "about": "About Us",
    "contact": "Contact Us"
  },
  "HomePage": {
    "title": "Welcome to MPTourify",
    "description": "Discover the best tourism experiences across India"
  },
  "DistrictsPage": {
    "title": "Mera Pradesh Mera Jila",
    "subtitle": "Explore all districts of Madhya Pradesh",
    "selectDistrict": "Click on any district to explore",
    "description": "Interactive map of Madhya Pradesh"
  },
  "Districts": {
    "indore": "Indore",
    "bhopal": "Bhopal",
    "jabalpur": "Jabalpur",
    "gwalior": "Gwalior",
    "ujjain": "Ujjain",
    "khajuraho": "Khajuraho",
    "mandu": "Mandu",
    "pachmarhi": "Pachmarhi",
    "omkareshwar": "Omkareshwar",
    "kanha": "Kanha",
    "satna": "Satna",
    "rewa": "Rewa",
    "shahdol": "Shahdol",
    "singrauli": "Singrauli",
    "seoni": "Seoni",
    "mandla": "Mandla",
    "dindori": "Dindori",
    "chhindwara": "Chhindwara",
    "balaghat": "Balaghat",
    "nagpur": "Nagpur",
    "betul": "Betul",
    "hoshangabad": "Hoshangabad",
    "itarsi": "Itarsi",
    "raisen": "Raisen",
    "sehore": "Sehore",
    "vidisha": "Vidisha",
    "damoh": "Damoh",
    "panna": "Panna",
    "tikamgarh": "Tikamgarh",
    "niwari": "Niwari",
    "chhatarpur": "Chhatarpur",
    "morena": "Morena",
    "bhind": "Bhind",
    "guna": "Guna",
    "ashoknagar": "Ashoknagar",
    "shivpuri": "Shivpuri",
    "datia": "Datia",
    "agar": "Agar",
    "malwa": "Malwa",
    "mandsaur": "Mandsaur",
    "neemuch": "Neemuch",
    "ratlam": "Ratlam",
    "dewas": "Dewas",
    "dhar": "Dhar",
    "burhanpur": "Burhanpur",
    "khandwa": "Khandwa",
    "khargone": "Khargone"
  }
}